[
  {
    "id": 0,
    "name": "iPhone",
    "picture": "images/iPhone.jpg",
    "age":72000,
    "breed": "iPhone-13",
    "location": "Silver"
  },
  {
    "id": 1,
    "name": "Samsung",
    "picture": "images/Samsung1.jpg",
    "age": 15000,
    "breed": "Galaxy F41",
    "location": "Black"
  },
  {
    "id": 2,
    "name": "Redmi",
    "picture": "images/Redmi1.jpg",
    "age": 19000,
    "breed": "Note 11 Pro",
    "location": "Blue"
  },
  {
    "id": 3,
    "name": "OnePlus",
    "picture": "images/OnePlus1.jpg",
    "age": 20000,
    "breed": "Nord CE2 Lite 5G",
    "location": "Black"
  },

  {
    "id": 4,
    "name": "iPhone",
    "picture": "images/iPhone-X.jpg",
    "age": 65000,
    "breed": "iPhone X",
    "location": "Black"
  },
  {
    "id": 5,
    "name": "Samsung",
    "picture": "images/Samsung-Galaxy-A9-1.jpg",
    "age": 26000,
    "breed": "Galaxy A9",
    "location": "Black"
  },
  {
    "id": 6,
    "name": "Samsung",
    "picture": "images/Samsung-Galaxy-M12-1.jpg",
    "age": 11500,
    "breed": "Glaxy M12",
    "location": "Blue"
  },
  {
    "id": 7,
    "name": "Samsung",
    "picture": "images/Samsung-Galaxy-S5-1.jpg",
    "age": 7000,
    "breed": "Galaxy S5",
    "location": "White"
  }

]
